,variable,value,day
0,A,,2016-01-01
1,A,,2016-01-02
2,A,,2016-01-03
3,A,,2016-01-04
4,A,,2016-01-05
5,A,,2016-01-06
6,A,-2.452745249698751,2016-01-07
7,A,-2.9477361627398295,2016-01-08
8,A,-3.321732007156946,2016-01-09
9,A,-3.4690030562442273,2016-01-10
10,A,-3.8085181653573343,2016-01-11
11,A,-4.050177828053856,2016-01-12
12,A,-4.405360121785256,2016-01-13
13,A,-4.655814815026996,2016-01-14
14,A,-4.848522945629704,2016-01-15
15,A,-5.073173486678626,2016-01-16
16,A,-5.109552928213602,2016-01-17
17,A,-4.954148601555623,2016-01-18
18,A,-4.84086437948281,2016-01-19
19,A,-4.695717641915686,2016-01-20
20,A,-4.6539403920883995,2016-01-21
21,A,-4.636913622569507,2016-01-22
22,A,-4.336391511320126,2016-01-23
23,A,-4.203384268976676,2016-01-24
24,A,-4.001126796793614,2016-01-25
25,A,-3.62362416015898,2016-01-26
26,A,-3.088322350414501,2016-01-27
27,A,-2.725029648035544,2016-01-28
28,A,-2.7829633121200357,2016-01-29
29,A,-2.7570009899417918,2016-01-30
30,A,-2.7021806922752676,2016-01-31
31,A,-2.7307120762772663,2016-02-01
32,A,-2.964836201673307,2016-02-02
33,A,-3.4483935465230218,2016-02-03
34,A,-3.6053050054173363,2016-02-04
35,A,-3.4144480736608225,2016-02-05
36,A,-3.200217947220704,2016-02-06
37,A,-3.0065838328234165,2016-02-07
38,A,-2.641076816803696,2016-02-08
39,A,-1.9834630801087587,2016-02-09
40,A,-1.3521967076263433,2016-02-10
41,A,-0.91600933342246,2016-02-11
42,A,-0.24569620772868414,2016-02-12
43,A,0.24045602444674177,2016-02-13
44,A,0.43983069799564156,2016-02-14
45,A,0.4380809904794677,2016-02-15
46,A,0.1338486911460941,2016-02-16
47,A,0.1159887332066344,2016-02-17
48,A,0.14768577660198584,2016-02-18
49,A,-0.09055271710322363,2016-02-19
50,A,-0.26461160535042283,2016-02-20
51,A,-0.3761953214210301,2016-02-21
52,A,-0.8463625157525954,2016-02-22
53,A,-1.3038439827818853,2016-02-23
54,A,-1.8348053437876628,2016-02-24
55,A,-2.4582608351304063,2016-02-25
56,A,-3.0951310734731616,2016-02-26
57,A,-3.9598765958048987,2016-02-27
58,A,-4.885094750027875,2016-02-28
59,A,-5.454611292284639,2016-02-29
60,A,-5.828544474012426,2016-03-01
61,A,-6.150246819249022,2016-03-02
62,A,-6.491009557318578,2016-03-03
63,A,-6.744900128253144,2016-03-04
64,A,-6.800465953231582,2016-03-05
65,A,-6.681479478429863,2016-03-06
66,A,-6.631561946245788,2016-03-07
67,A,-6.61662506366161,2016-03-08
68,A,-6.780418013123208,2016-03-09
69,A,-6.751407812801359,2016-03-10
70,A,-6.560250656698331,2016-03-11
71,A,-6.349883476054302,2016-03-12
72,A,-6.2891404345945565,2016-03-13
73,A,-6.3133831509737215,2016-03-14
74,A,-6.1553700308087915,2016-03-15
75,A,-5.819250345024079,2016-03-16
76,A,-5.772800228603325,2016-03-17
77,A,-5.814622259846245,2016-03-18
78,A,-5.978028146809157,2016-03-19
79,A,-6.0365555035397005,2016-03-20
80,A,-6.0723490423190105,2016-03-21
81,A,-6.281948220879166,2016-03-22
82,A,-6.652551177066997,2016-03-23
83,A,-6.835796403455281,2016-03-24
84,A,-7.235648349233306,2016-03-25
85,A,-7.361802356639119,2016-03-26
86,A,-7.475245454434594,2016-03-27
87,A,-7.389484811845158,2016-03-28
88,A,-7.35963031558636,2016-03-29
89,A,-7.22008870046959,2016-03-30
90,A,-7.225707888330149,2016-03-31
91,A,-7.019485003126063,2016-04-01
92,A,-7.021785228394214,2016-04-02
93,A,-7.3727627416883665,2016-04-03
94,A,-7.909763976001339,2016-04-04
95,A,-8.39566127122723,2016-04-05
96,A,-8.60698230599627,2016-04-06
97,A,-8.65624135598662,2016-04-07
98,A,-8.772238908605345,2016-04-08
99,A,-8.950634961699217,2016-04-09
100,A,-8.787589600634606,2016-04-10
101,A,-8.63153375758289,2016-04-11
102,A,-8.481725213724879,2016-04-12
103,A,-8.52617882593084,2016-04-13
104,A,-8.533809144031412,2016-04-14
105,A,-8.431985328554212,2016-04-15
106,A,-8.539656127275205,2016-04-16
107,A,-8.903201641757992,2016-04-17
108,A,-9.125385251229474,2016-04-18
109,A,-9.337494647819799,2016-04-19
110,A,-9.582324357885463,2016-04-20
111,A,-9.762718301435369,2016-04-21
112,A,-9.994660292143505,2016-04-22
113,A,-9.900536883782584,2016-04-23
114,A,-9.36989260809979,2016-04-24
115,A,-8.546396955587813,2016-04-25
116,A,-7.986581947598133,2016-04-26
117,A,-7.523326017214074,2016-04-27
118,A,-7.0807736360946185,2016-04-28
119,A,-6.821697254910201,2016-04-29
120,A,-6.472963187610164,2016-04-30
121,A,-6.465791284288154,2016-05-01
122,A,-6.923236385949108,2016-05-02
123,A,-7.276491114878866,2016-05-03
124,A,-7.533732813922513,2016-05-04
125,A,-8.05042961924929,2016-05-05
126,A,-8.221411250813127,2016-05-06
127,A,-8.543534975214854,2016-05-07
128,A,-8.68156163904546,2016-05-08
129,A,-8.648838202006946,2016-05-09
130,A,-8.408007224400512,2016-05-10
131,A,-8.423482924140076,2016-05-11
132,A,-8.173834973857632,2016-05-12
133,A,-8.25046711537549,2016-05-13
134,A,-8.164659946071854,2016-05-14
135,A,-8.197996435008859,2016-05-15
136,A,-8.308515809815791,2016-05-16
137,A,-8.481841633818718,2016-05-17
138,A,-8.293385439327556,2016-05-18
139,A,-7.976886023731661,2016-05-19
140,A,-7.8155279373221225,2016-05-20
141,A,-7.686975632316205,2016-05-21
142,A,-7.2602094913344635,2016-05-22
143,A,-7.017677123832039,2016-05-23
144,A,-6.7951516517054955,2016-05-24
145,A,-6.849077042948858,2016-05-25
146,A,-7.011463659077907,2016-05-26
147,A,-6.6922411026515025,2016-05-27
148,A,-6.533084333652903,2016-05-28
149,A,-6.394356349912521,2016-05-29
150,A,-6.08730611612147,2016-05-30
151,A,-5.800993735764811,2016-05-31
152,A,-5.300059854224772,2016-06-01
153,A,-4.933367618369945,2016-06-02
154,A,-4.874594282878529,2016-06-03
155,A,-4.614017842443988,2016-06-04
156,A,-4.615829618415293,2016-06-05
157,A,-4.725135545180112,2016-06-06
158,A,-4.889989304066447,2016-06-07
159,A,-4.98414014607834,2016-06-08
160,A,-5.100740745740194,2016-06-09
161,A,-5.233736605749736,2016-06-10
162,A,-5.679964824171768,2016-06-11
163,A,-6.106900294627861,2016-06-12
164,A,-6.515387340029475,2016-06-13
165,A,-7.08726734832517,2016-06-14
166,A,-7.882372852820822,2016-06-15
167,A,-8.742524387742183,2016-06-16
168,A,-9.644710744691157,2016-06-17
169,A,-10.43799176494639,2016-06-18
170,A,-10.956731516026212,2016-06-19
171,A,-11.350935677514538,2016-06-20
172,A,-11.519119268302267,2016-06-21
173,A,-11.712502478725796,2016-06-22
174,A,-11.855819638237069,2016-06-23
175,A,-11.7861454148522,2016-06-24
176,A,-11.696500657010034,2016-06-25
177,A,-11.854644240400765,2016-06-26
178,A,-12.128337872216386,2016-06-27
179,A,-12.582528287092595,2016-06-28
180,A,-12.939002450105878,2016-06-29
181,A,-13.180549680575155,2016-06-30
182,A,-13.692468217512598,2016-07-01
183,A,-14.099857898328564,2016-07-02
184,A,-14.546575354167587,2016-07-03
185,A,-14.906489522089725,2016-07-04
186,A,-15.369200079344722,2016-07-05
187,A,-15.714533059193172,2016-07-06
188,A,-15.909683656812392,2016-07-07
189,A,-15.869552382081949,2016-07-08
190,A,-15.792069127984105,2016-07-09
191,A,-15.93090241858953,2016-07-10
192,A,-16.08725752911935,2016-07-11
193,A,-15.898938490748074,2016-07-12
194,A,-15.880061940518003,2016-07-13
195,A,-16.136471309882012,2016-07-14
196,A,-16.67572670473951,2016-07-15
197,A,-17.28238289258838,2016-07-16
198,A,-17.65119900203798,2016-07-17
199,A,-18.08627423293595,2016-07-18
200,A,-18.650734581365732,2016-07-19
201,A,-19.214572548051432,2016-07-20
202,A,-19.480818990845307,2016-07-21
203,A,-19.701532200856114,2016-07-22
204,A,-20.124655019586786,2016-07-23
205,A,-20.556129192428966,2016-07-24
206,A,-20.73696646471748,2016-07-25
207,A,-20.8672652267584,2016-07-26
208,A,-20.87528431907834,2016-07-27
209,A,-21.035962754123325,2016-07-28
210,A,-20.79901729336125,2016-07-29
211,A,-20.376138482121284,2016-07-30
212,A,-19.660431370821204,2016-07-31
213,A,-18.838785242303203,2016-08-01
214,A,-17.78489924270418,2016-08-02
215,A,-16.699844988047424,2016-08-03
216,A,-15.66458330352342,2016-08-04
217,A,-14.754756869690748,2016-08-05
218,A,-13.941184377362234,2016-08-06
219,A,-13.319799786020685,2016-08-07
220,A,-13.032502273300125,2016-08-08
221,A,-12.852791641946768,2016-08-09
222,A,-12.888545956929644,2016-08-10
223,A,-12.973041596466564,2016-08-11
224,A,-13.089586939577817,2016-08-12
225,A,-13.307564093625654,2016-08-13
226,A,-13.460613784866966,2016-08-14
227,A,-13.494525176640897,2016-08-15
228,A,-13.556532601121404,2016-08-16
229,A,-13.510292125481543,2016-08-17
230,A,-13.521051062867903,2016-08-18
231,A,-13.620737564003793,2016-08-19
232,A,-13.663654691732997,2016-08-20
233,A,-13.76126877630321,2016-08-21
234,A,-13.882410026319235,2016-08-22
235,A,-14.073830090104318,2016-08-23
236,A,-14.250228009857603,2016-08-24
237,A,-14.476188287458333,2016-08-25
238,A,-14.769699706580104,2016-08-26
239,A,-14.69074627436286,2016-08-27
240,A,-14.397773232269044,2016-08-28
241,A,-13.952878086697385,2016-08-29
242,A,-13.615587487926904,2016-08-30
243,A,-13.265784074823257,2016-08-31
244,A,-12.789574175550102,2016-09-01
245,A,-12.203500675056548,2016-09-02
246,A,-11.857805185229921,2016-09-03
247,A,-11.962078019118179,2016-09-04
248,A,-11.984302812515681,2016-09-05
249,A,-12.017269253201698,2016-09-06
250,A,-12.1678910880742,2016-09-07
251,A,-12.213146580585468,2016-09-08
252,A,-12.265033220372528,2016-09-09
253,A,-12.30445130904496,2016-09-10
254,A,-12.228143571027244,2016-09-11
255,A,-12.45071378261672,2016-09-12
256,A,-12.326632873740238,2016-09-13
257,A,-12.058384460228563,2016-09-14
258,A,-12.00768113194811,2016-09-15
259,A,-12.112740226535793,2016-09-16
260,A,-12.03651716586934,2016-09-17
261,A,-12.054522296289495,2016-09-18
262,A,-12.023533341545557,2016-09-19
263,A,-12.238306657674704,2016-09-20
264,A,-12.344541474231224,2016-09-21
265,A,-12.052222208363608,2016-09-22
266,A,-11.639120188254546,2016-09-23
267,A,-11.482608966459674,2016-09-24
268,A,-11.09243774443728,2016-09-25
269,A,-10.720332994712946,2016-09-26
270,A,-10.40743765422084,2016-09-27
271,A,-10.063861674227358,2016-09-28
272,A,-10.069788020577644,2016-09-29
273,A,-10.087767423232066,2016-09-30
274,A,-10.093682216429013,2016-10-01
275,A,-10.212566144545779,2016-10-02
276,A,-10.116979747839457,2016-10-03
277,A,-9.807966340330902,2016-10-04
278,A,-9.75770496323828,2016-10-05
279,A,-9.584720435306892,2016-10-06
280,A,-9.527900571225118,2016-10-07
281,A,-9.251138105942792,2016-10-08
282,A,-9.012362977254572,2016-10-09
283,A,-9.042409728204555,2016-10-10
284,A,-9.27926373884327,2016-10-11
285,A,-9.545582147959948,2016-10-12
286,A,-9.70336474091682,2016-10-13
287,A,-10.029362247677655,2016-10-14
288,A,-10.636610608598776,2016-10-15
289,A,-10.983602574038622,2016-10-16
290,A,-11.266331511892655,2016-10-17
291,A,-11.908453744988984,2016-10-18
292,A,-12.467551384131642,2016-10-19
293,A,-13.143924313448492,2016-10-20
294,A,-13.573430328195473,2016-10-21
295,A,-13.618886209950475,2016-10-22
296,A,-13.868672398612507,2016-10-23
297,A,-14.294769712387469,2016-10-24
298,A,-14.237852369238514,2016-10-25
299,A,-14.254964322792707,2016-10-26
300,A,-14.094223676144168,2016-10-27
301,A,-13.64666320743988,2016-10-28
302,A,-13.597543947429624,2016-10-29
303,A,-13.50731635629708,2016-10-30
304,A,-13.009110900206275,2016-10-31
305,A,-12.614075334980287,2016-11-01
306,A,-12.187105000675034,2016-11-02
307,A,-11.76898171542181,2016-11-03
308,A,-11.67414180907314,2016-11-04
309,A,-11.45309519841047,2016-11-05
310,A,-11.378865698949394,2016-11-06
311,A,-11.789658279655571,2016-11-07
312,A,-12.481510869739724,2016-11-08
313,A,-13.339392614551958,2016-11-09
314,A,-14.365752648357056,2016-11-10
315,A,-15.400381969281115,2016-11-11
316,A,-16.52616119370175,2016-11-12
317,A,-17.486835896233078,2016-11-13
318,A,-17.915838058068452,2016-11-14
319,A,-17.98087467938986,2016-11-15
320,A,-17.77222426854021,2016-11-16
321,A,-17.362441119229462,2016-11-17
322,A,-17.061810373302794,2016-11-18
323,A,-16.55223802106922,2016-11-19
324,A,-15.732338151242947,2016-11-20
325,A,-15.10489956835554,2016-11-21
326,A,-14.580083697011771,2016-11-22
327,A,-13.940861733357716,2016-11-23
328,A,-13.530557799135678,2016-11-24
329,A,-12.91881058517198,2016-11-25
330,A,-12.549797650162192,2016-11-26
331,A,-12.586197483630999,2016-11-27
332,A,-12.703292407010569,2016-11-28
333,A,-12.614678386686373,2016-11-29
334,A,-12.739473725211557,2016-11-30
335,A,-12.791759891218465,2016-12-01
336,A,-12.72981069706855,2016-12-02
337,A,-12.53528889303289,2016-12-03
338,A,-12.580025979692408,2016-12-04
339,A,-12.582913295181344,2016-12-05
340,A,-12.740530462159768,2016-12-06
341,A,-12.935517316853055,2016-12-07
342,A,-13.46147094771649,2016-12-08
343,A,-13.98995405937497,2016-12-09
344,A,-14.617706279991472,2016-12-10
345,A,-14.968091355472755,2016-12-11
346,A,-15.55888712483848,2016-12-12
347,A,-16.203289428741876,2016-12-13
348,A,-16.85447574186447,2016-12-14
349,A,-17.21869854923815,2016-12-15
350,A,-17.560639204789638,2016-12-16
351,A,-17.91361548140061,2016-12-17
352,A,-18.26196730393199,2016-12-18
353,A,-18.315588961151754,2016-12-19
354,A,-18.359605527208263,2016-12-20
355,A,-18.51433461882691,2016-12-21
356,A,-18.609853348471795,2016-12-22
357,A,-18.72024543338755,2016-12-23
358,A,-18.51329695928998,2016-12-24
359,A,-18.34374250706003,2016-12-25
360,A,-18.482825639800463,2016-12-26
361,A,-18.693797437583253,2016-12-27
362,A,-18.75295706717126,2016-12-28
363,A,-18.91804190889332,2016-12-29
364,A,-19.239432835218253,2016-12-30
365,B,,2016-01-01
366,B,,2016-01-02
367,B,,2016-01-03
368,B,,2016-01-04
369,B,,2016-01-05
370,B,,2016-01-06
371,B,1.051881858520662,2016-01-07
372,B,1.154990113514422,2016-01-08
373,B,1.1616386203937972,2016-01-09
374,B,1.3096046037769042,2016-01-10
375,B,1.4607198080033024,2016-01-11
376,B,1.5797597449056477,2016-01-12
377,B,1.5934723276225664,2016-01-13
378,B,1.7082184189616372,2016-01-14
379,B,1.8259794554286881,2016-01-15
380,B,1.8533530118394548,2016-01-16
381,B,1.7564601112489535,2016-01-17
382,B,1.668735390999899,2016-01-18
383,B,1.7153540590791432,2016-01-19
384,B,1.6850628850594291,2016-01-20
385,B,1.641191213451761,2016-01-21
386,B,1.3917185395917353,2016-01-22
387,B,0.8035595544310148,2016-01-23
388,B,0.09656796825659304,2016-01-24
389,B,-0.6252707752972674,2016-01-25
390,B,-1.738739225082894,2016-01-26
391,B,-2.574796101326561,2016-01-27
392,B,-3.5578850673344795,2016-01-28
393,B,-4.248517596690722,2016-01-29
394,B,-4.53210910097188,2016-01-30
395,B,-4.788492504182911,2016-01-31
396,B,-4.814003837053278,2016-02-01
397,B,-4.249194416144259,2016-02-02
398,B,-3.8856633770493345,2016-02-03
399,B,-3.2684672391839262,2016-02-04
400,B,-2.739796955756401,2016-02-05
401,B,-2.0724678782207966,2016-02-06
402,B,-1.1716959213351874,2016-02-07
403,B,-0.3885334999343068,2016-02-08
404,B,0.2656689426880042,2016-02-09
405,B,0.7126441836035478,2016-02-10
406,B,0.9862002709871776,2016-02-11
407,B,1.2426279515443646,2016-02-12
408,B,1.4335265060053832,2016-02-13
409,B,1.2147292772962595,2016-02-14
410,B,1.0334799589418864,2016-02-15
411,B,0.6707507185600896,2016-02-16
412,B,0.3961147829272213,2016-02-17
413,B,0.04726633410934644,2016-02-18
414,B,-0.02948162785193504,2016-02-19
415,B,0.06563574251392779,2016-02-20
416,B,0.3986783442685246,2016-02-21
417,B,0.654857424807708,2016-02-22
418,B,0.8571779872771409,2016-02-23
419,B,0.9462570166744254,2016-02-24
420,B,1.3378195347562887,2016-02-25
421,B,1.4060240914870588,2016-02-26
422,B,1.2598515721719656,2016-02-27
423,B,1.6168644762758169,2016-02-28
424,B,1.9478375177078395,2016-02-29
425,B,2.443806954139867,2016-03-01
426,B,3.1026982829314904,2016-03-02
427,B,3.1151050071696353,2016-03-03
428,B,2.8803900622444023,2016-03-04
429,B,2.795815757297138,2016-03-05
430,B,2.1774440391527383,2016-03-06
431,B,1.752532529161073,2016-03-07
432,B,1.3517086889661234,2016-03-08
433,B,0.8070492564878572,2016-03-09
434,B,0.4736282139093292,2016-03-10
435,B,0.5977539196198588,2016-03-11
436,B,0.6889634166426116,2016-03-12
437,B,0.7980840135106544,2016-03-13
438,B,0.7729225797828995,2016-03-14
439,B,0.7112968599601425,2016-03-15
440,B,0.9929132064059887,2016-03-16
441,B,1.3707479265723814,2016-03-17
442,B,1.546096809871688,2016-03-18
443,B,1.5407435724448548,2016-03-19
444,B,1.519664059265179,2016-03-20
445,B,1.6164931813120127,2016-03-21
446,B,1.694572834228415,2016-03-22
447,B,1.5984204195775884,2016-03-23
448,B,1.5040593365847428,2016-03-24
449,B,1.7324785669145517,2016-03-25
450,B,2.1481264935271738,2016-03-26
451,B,2.722592594917714,2016-03-27
452,B,3.063862744924679,2016-03-28
453,B,3.4755120135114197,2016-03-29
454,B,3.4995361248213825,2016-03-30
455,B,3.45019364830011,2016-03-31
456,B,3.463522606318849,2016-04-01
457,B,3.1488544621808807,2016-04-02
458,B,2.7088591729590483,2016-04-03
459,B,2.3300665353212433,2016-04-04
460,B,1.8949350845964779,2016-04-05
461,B,1.7868486526771898,2016-04-06
462,B,1.9903385679264336,2016-04-07
463,B,1.9201547605589095,2016-04-08
464,B,2.282614831163189,2016-04-09
465,B,2.82349335479266,2016-04-10
466,B,3.3102479720710014,2016-04-11
467,B,3.831463683459415,2016-04-12
468,B,4.469590907839445,2016-04-13
469,B,4.946092634471638,2016-04-14
470,B,5.2332690762600835,2016-04-15
471,B,5.388260222518809,2016-04-16
472,B,5.4009984968006615,2016-04-17
473,B,5.394584540768013,2016-04-18
474,B,5.2741579240187635,2016-04-19
475,B,4.949175485113014,2016-04-20
476,B,4.553742417319239,2016-04-21
477,B,4.197737062733726,2016-04-22
478,B,3.9035515441442614,2016-04-23
479,B,3.5027126882532826,2016-04-24
480,B,3.2080786616317387,2016-04-25
481,B,3.1414024224931105,2016-04-26
482,B,3.043474434295375,2016-04-27
483,B,3.0166614686823467,2016-04-28
484,B,3.103565888138634,2016-04-29
485,B,3.080537157905259,2016-04-30
486,B,3.188126367772085,2016-05-01
487,B,3.151039048688009,2016-05-02
488,B,2.981619695988201,2016-05-03
489,B,2.8356557594854768,2016-05-04
490,B,2.696046113847792,2016-05-05
491,B,2.527182269189754,2016-05-06
492,B,2.251518149370688,2016-05-07
493,B,2.1024613891031123,2016-05-08
494,B,1.9552431710550218,2016-05-09
495,B,1.7271805881272275,2016-05-10
496,B,1.5599838931601278,2016-05-11
497,B,1.1793773176826898,2016-05-12
498,B,0.7471294340887003,2016-05-13
499,B,0.25901407777794355,2016-05-14
500,B,-0.19462089717449418,2016-05-15
501,B,-0.5615842342327249,2016-05-16
502,B,-1.0561795584296105,2016-05-17
503,B,-1.2848060840177324,2016-05-18
504,B,-1.2065496598212646,2016-05-19
505,B,-0.8113096080759574,2016-05-20
506,B,-0.3356664530098424,2016-05-21
507,B,-0.06588730676991188,2016-05-22
508,B,0.1430664192380764,2016-05-23
509,B,0.4782723055180081,2016-05-24
510,B,0.7177864977816449,2016-05-25
511,B,0.761697395899361,2016-05-26
512,B,0.5225133817793488,2016-05-27
513,B,0.14964589128062689,2016-05-28
514,B,-0.25459353516420496,2016-05-29
515,B,-0.37885068426085894,2016-05-30
516,B,-0.3984138457138246,2016-05-31
517,B,-0.7282426072841289,2016-06-01
518,B,-0.48451578552285934,2016-06-02
519,B,-0.20980646729526695,2016-06-03
520,B,0.44068069193524984,2016-06-04
521,B,1.3975403510308677,2016-06-05
522,B,2.195270091074455,2016-06-06
523,B,3.063006505410237,2016-06-07
524,B,4.2902325867861695,2016-06-08
525,B,5.01843738725716,2016-06-09
526,B,5.748452735223435,2016-06-10
527,B,6.109266494972346,2016-06-11
528,B,6.205291090613254,2016-06-12
529,B,6.224210508597032,2016-06-13
530,B,5.9575977961292335,2016-06-14
531,B,5.5461768542619705,2016-06-15
532,B,5.266349133605078,2016-06-16
533,B,5.370609984394545,2016-06-17
534,B,5.614398904749395,2016-06-18
535,B,5.820445311174117,2016-06-19
536,B,6.183119992944684,2016-06-20
537,B,6.7611864715895225,2016-06-21
538,B,7.407912606238483,2016-06-22
539,B,7.911167186561905,2016-06-23
540,B,8.142256583878886,2016-06-24
541,B,8.595087969851308,2016-06-25
542,B,9.062509597544825,2016-06-26
543,B,9.307441823501373,2016-06-27
544,B,9.471446479107536,2016-06-28
545,B,9.722199812342712,2016-06-29
546,B,10.119133993716327,2016-06-30
547,B,10.487317084407675,2016-07-01
548,B,10.811185797152481,2016-07-02
549,B,11.250693105852886,2016-07-03
550,B,11.824780805949217,2016-07-04
551,B,12.363827610540834,2016-07-05
552,B,12.365835491964457,2016-07-06
553,B,12.534957630322706,2016-07-07
554,B,12.806810487023753,2016-07-08
555,B,12.820583047695964,2016-07-09
556,B,12.825658719494514,2016-07-10
557,B,12.829554443452162,2016-07-11
558,B,12.893969825436375,2016-07-12
559,B,12.968389136109966,2016-07-13
560,B,12.992514540722473,2016-07-14
561,B,12.824543584400507,2016-07-15
562,B,12.715025299374757,2016-07-16
563,B,12.569902365668513,2016-07-17
564,B,12.344966819780884,2016-07-18
565,B,12.170022706290998,2016-07-19
566,B,12.527248004462185,2016-07-20
567,B,12.602046009235023,2016-07-21
568,B,12.797657659318459,2016-07-22
569,B,13.147898193512296,2016-07-23
570,B,13.376394262854685,2016-07-24
571,B,13.572003828600447,2016-07-25
572,B,13.600291090825788,2016-07-26
573,B,13.530175675917734,2016-07-27
574,B,13.48947596515687,2016-07-28
575,B,13.412385000681892,2016-07-29
576,B,12.951814580326637,2016-07-30
577,B,12.587866535819346,2016-07-31
578,B,12.116001717163897,2016-08-01
579,B,11.705412649618012,2016-08-02
580,B,11.2922709407577,2016-08-03
581,B,10.779587373298412,2016-08-04
582,B,10.192569923972059,2016-08-05
583,B,9.51425770431528,2016-08-06
584,B,8.861850505152438,2016-08-07
585,B,8.344105594252047,2016-08-08
586,B,7.971724249543837,2016-08-09
587,B,7.575091905446868,2016-08-10
588,B,7.379277419964718,2016-08-11
589,B,7.035519038082078,2016-08-12
590,B,6.986666843148119,2016-08-13
591,B,6.810277439542121,2016-08-14
592,B,6.794697798845659,2016-08-15
593,B,6.906119113836163,2016-08-16
594,B,6.981466717962412,2016-08-17
595,B,6.907150218483186,2016-08-18
596,B,6.898205052539316,2016-08-19
597,B,6.988270663967646,2016-08-20
598,B,7.190604650880779,2016-08-21
599,B,7.511489906607898,2016-08-22
600,B,7.579113782163056,2016-08-23
601,B,7.7108863881617165,2016-08-24
602,B,8.291401176885332,2016-08-25
603,B,9.184023015402685,2016-08-26
604,B,9.931195324743442,2016-08-27
605,B,10.79299185288998,2016-08-28
606,B,11.426042432761745,2016-08-29
607,B,12.25795197068776,2016-08-30
608,B,13.057904839859614,2016-08-31
609,B,13.45229782816409,2016-09-01
610,B,13.470802194257114,2016-09-02
611,B,13.678018055693338,2016-09-03
612,B,13.759021322552062,2016-09-04
613,B,13.797964089049941,2016-09-05
614,B,13.56015587490688,2016-09-06
615,B,13.271222049439247,2016-09-07
616,B,13.138138333845038,2016-09-08
617,B,13.148696783992337,2016-09-09
618,B,13.028246864798419,2016-09-10
619,B,12.97594573656322,2016-09-11
620,B,12.946021482037654,2016-09-12
621,B,12.838201358165373,2016-09-13
622,B,12.639702538015019,2016-09-14
623,B,12.325467067195158,2016-09-15
624,B,12.010772761248592,2016-09-16
625,B,11.751721643879998,2016-09-17
626,B,11.415268407916045,2016-09-18
627,B,11.026688371246708,2016-09-19
628,B,10.93047535071931,2016-09-20
629,B,10.961633225478971,2016-09-21
630,B,11.008538649213095,2016-09-22
631,B,11.383444228626175,2016-09-23
632,B,11.850057928994275,2016-09-24
633,B,12.283805689770025,2016-09-25
634,B,12.81755546907019,2016-09-26
635,B,13.405044413222912,2016-09-27
636,B,13.900522494202622,2016-09-28
637,B,14.300459209368375,2016-09-29
638,B,14.649704736614959,2016-09-30
639,B,14.90437664327493,2016-10-01
640,B,14.972880428485379,2016-10-02
641,B,14.809125685621554,2016-10-03
642,B,14.460559283352328,2016-10-04
643,B,13.848313989042099,2016-10-05
644,B,13.09411380413263,2016-10-06
645,B,12.316700788085765,2016-10-07
646,B,11.60110928159159,2016-10-08
647,B,11.124952945947127,2016-10-09
648,B,10.880244542589919,2016-10-10
649,B,11.073720721008765,2016-10-11
650,B,11.45487321815575,2016-10-12
651,B,11.907312809413579,2016-10-13
652,B,12.069033549521803,2016-10-14
653,B,12.250611933137419,2016-10-15
654,B,12.647439556555963,2016-10-16
655,B,12.891620187736136,2016-10-17
656,B,12.68117990247063,2016-10-18
657,B,12.440580823407927,2016-10-19
658,B,12.545848675349573,2016-10-20
659,B,12.685919546531832,2016-10-21
660,B,12.645705917904639,2016-10-22
661,B,12.432723455710317,2016-10-23
662,B,12.07078546536981,2016-10-24
663,B,11.592254035333266,2016-10-25
664,B,11.304922147181122,2016-10-26
665,B,10.872566774706765,2016-10-27
666,B,10.202317893803734,2016-10-28
667,B,9.371445651983406,2016-10-29
668,B,8.314366515304727,2016-10-30
669,B,7.583043487905738,2016-10-31
670,B,6.932110480554836,2016-11-01
671,B,6.114929098772377,2016-11-02
672,B,5.13238931255407,2016-11-03
673,B,4.467706626226461,2016-11-04
674,B,4.2259081668094405,2016-11-05
675,B,4.236002734142384,2016-11-06
676,B,4.184984958237745,2016-11-07
677,B,4.264157412056114,2016-11-08
678,B,4.598422839124089,2016-11-09
679,B,5.049487217130184,2016-11-10
680,B,5.399205455594716,2016-11-11
681,B,5.7285277905267815,2016-11-12
682,B,6.167197801538495,2016-11-13
683,B,6.805047548493639,2016-11-14
684,B,7.469199896822986,2016-11-15
685,B,8.304461986317376,2016-11-16
686,B,9.413979558177962,2016-11-17
687,B,10.716392483903912,2016-11-18
688,B,11.72327368406167,2016-11-19
689,B,12.455406176246276,2016-11-20
690,B,13.008376575991766,2016-11-21
691,B,13.387178342101748,2016-11-22
692,B,13.46936495012545,2016-11-23
693,B,12.998488330916715,2016-11-24
694,B,12.426953162587338,2016-11-25
695,B,12.058974983348495,2016-11-26
696,B,11.85829846917103,2016-11-27
697,B,11.617431840937929,2016-11-28
698,B,11.496398237578067,2016-11-29
699,B,11.272707090716299,2016-11-30
700,B,11.319153484111085,2016-12-01
701,B,11.424714046507402,2016-12-02
702,B,11.448939263154353,2016-12-03
703,B,11.317380205576795,2016-12-04
704,B,11.414228369920773,2016-12-05
705,B,11.366028620687457,2016-12-06
706,B,11.312612124715168,2016-12-07
707,B,11.336334249578865,2016-12-08
708,B,11.058066657703874,2016-12-09
709,B,10.85638463319261,2016-12-10
710,B,10.675126016219014,2016-12-11
711,B,10.288816449729163,2016-12-12
712,B,10.034819276619292,2016-12-13
713,B,10.024211577139782,2016-12-14
714,B,10.018538770447625,2016-12-15
715,B,9.871988453715707,2016-12-16
716,B,9.686573570960201,2016-12-17
717,B,9.624719942366449,2016-12-18
718,B,9.66492037798574,2016-12-19
719,B,9.634287567891452,2016-12-20
720,B,9.778521628054808,2016-12-21
721,B,9.687617498270543,2016-12-22
722,B,9.814479418722964,2016-12-23
723,B,9.938204874613911,2016-12-24
724,B,10.090348960942134,2016-12-25
725,B,10.330142065741013,2016-12-26
726,B,10.391382173866408,2016-12-27
727,B,10.062616451938643,2016-12-28
728,B,9.957434599556072,2016-12-29
729,B,10.189316164713123,2016-12-30
730,C,,2016-01-01
731,C,,2016-01-02
732,C,,2016-01-03
733,C,,2016-01-04
734,C,,2016-01-05
735,C,,2016-01-06
736,C,0.8697303267671943,2016-01-07
737,C,0.8614692640540442,2016-01-08
738,C,1.0808095143342877,2016-01-09
739,C,1.1260827456403466,2016-01-10
740,C,0.8901708501712421,2016-01-11
741,C,0.5026240766603454,2016-01-12
742,C,0.49002734954275284,2016-01-13
743,C,0.5526593646899839,2016-01-14
744,C,0.31077873031576003,2016-01-15
745,C,-0.13926990169065512,2016-01-16
746,C,-0.5886661360627669,2016-01-17
747,C,-0.9121989487418632,2016-01-18
748,C,-0.9141431150220329,2016-01-19
749,C,-0.93100986899458,2016-01-20
750,C,-1.3130177188077379,2016-01-21
751,C,-1.569991318448457,2016-01-22
752,C,-1.8740656894126844,2016-01-23
753,C,-2.114386814062742,2016-01-24
754,C,-2.064610417841834,2016-01-25
755,C,-2.106223803343796,2016-01-26
756,C,-2.1954053278081034,2016-01-27
757,C,-1.926679897188466,2016-01-28
758,C,-1.5787592682897267,2016-01-29
759,C,-1.1689358302117552,2016-01-30
760,C,-0.9266823736250067,2016-01-31
761,C,-0.8597431778795751,2016-02-01
762,C,-0.9459498047446857,2016-02-02
763,C,-1.3286684504770043,2016-02-03
764,C,-1.5076646006677676,2016-02-04
765,C,-1.6041363430803932,2016-02-05
766,C,-1.529415840560146,2016-02-06
767,C,-1.1668440403234734,2016-02-07
768,C,-0.6177449748943704,2016-02-08
769,C,0.0016543356948952592,2016-02-09
770,C,0.6446628676308149,2016-02-10
771,C,1.1725503606664234,2016-02-11
772,C,1.3854667051144924,2016-02-12
773,C,1.6735347207422924,2016-02-13
774,C,1.8466716482429446,2016-02-14
775,C,2.0326971873343838,2016-02-15
776,C,2.316933242882216,2016-02-16
777,C,2.462794229388723,2016-02-17
778,C,2.5377227466517653,2016-02-18
779,C,2.633177860265271,2016-02-19
780,C,2.7168654130060728,2016-02-20
781,C,2.6993799897967854,2016-02-21
782,C,2.4602025100419063,2016-02-22
783,C,2.1514067469246934,2016-02-23
784,C,2.0481376405626768,2016-02-24
785,C,2.0587280250961686,2016-02-25
786,C,2.24390671386846,2016-02-26
787,C,2.0548895415880217,2016-02-27
788,C,1.5543442136557328,2016-02-28
789,C,0.9875396642374736,2016-02-29
790,C,0.33070862694787373,2016-03-01
791,C,-0.2670390432336912,2016-03-02
792,C,-1.096544900429896,2016-03-03
793,C,-1.954143044741213,2016-03-04
794,C,-2.6140691978202173,2016-03-05
795,C,-3.1694162364390883,2016-03-06
796,C,-3.5858801834614438,2016-03-07
797,C,-3.9568310583859323,2016-03-08
798,C,-4.548445542405551,2016-03-09
799,C,-4.928145025224813,2016-03-10
800,C,-5.3895991049621275,2016-03-11
801,C,-5.7433475908869385,2016-03-12
802,C,-5.802307068448161,2016-03-13
803,C,-5.831016565729248,2016-03-14
804,C,-6.076097470343485,2016-03-15
805,C,-5.951079163053813,2016-03-16
806,C,-6.098208039447997,2016-03-17
807,C,-6.215867969203926,2016-03-18
808,C,-6.480065146158681,2016-03-19
809,C,-7.016561110585135,2016-03-20
810,C,-7.729549869388578,2016-03-21
811,C,-8.268698980599396,2016-03-22
812,C,-8.863746998878442,2016-03-23
813,C,-8.99972948094992,2016-03-24
814,C,-9.258233910114816,2016-03-25
815,C,-9.55088512214795,2016-03-26
816,C,-9.779275142933,2016-03-27
817,C,-10.044424962305603,2016-03-28
818,C,-10.24977386713807,2016-03-29
819,C,-10.34642292772749,2016-03-30
820,C,-10.519791505454274,2016-03-31
821,C,-10.323689346026711,2016-04-01
822,C,-10.067315668987183,2016-04-02
823,C,-9.751849819541635,2016-04-03
824,C,-9.254047997852622,2016-04-04
825,C,-8.873004055921266,2016-04-05
826,C,-8.836942144863086,2016-04-06
827,C,-8.816428754752737,2016-04-07
828,C,-8.946816591056322,2016-04-08
829,C,-9.029944135961285,2016-04-09
830,C,-9.249619475469306,2016-04-10
831,C,-9.25538206019708,2016-04-11
832,C,-8.896161477531496,2016-04-12
833,C,-8.229852593136204,2016-04-13
834,C,-7.359506481074144,2016-04-14
835,C,-6.564191546898003,2016-04-15
836,C,-6.129633093046849,2016-04-16
837,C,-5.641896091351311,2016-04-17
838,C,-5.518903618661087,2016-04-18
839,C,-5.791532189388912,2016-04-19
840,C,-6.123863569164516,2016-04-20
841,C,-6.544273333406632,2016-04-21
842,C,-6.880172388136799,2016-04-22
843,C,-6.753430602941449,2016-04-23
844,C,-6.575823870492252,2016-04-24
845,C,-6.371891066956421,2016-04-25
846,C,-6.0759104919255815,2016-04-26
847,C,-5.767225017651101,2016-04-27
848,C,-5.685217981148133,2016-04-28
849,C,-5.654560689407875,2016-04-29
850,C,-5.711091648461996,2016-04-30
851,C,-5.663530605640568,2016-05-01
852,C,-5.223503123465804,2016-05-02
853,C,-4.825348430175039,2016-05-03
854,C,-4.3222715656018575,2016-05-04
855,C,-3.9941039741620563,2016-05-05
856,C,-3.671335267257549,2016-05-06
857,C,-3.392071520859087,2016-05-07
858,C,-3.30484023582661,2016-05-08
859,C,-3.705447111936509,2016-05-09
860,C,-3.8853873187911994,2016-05-10
861,C,-3.8919246573556228,2016-05-11
862,C,-3.668037972928759,2016-05-12
863,C,-3.3606539113940257,2016-05-13
864,C,-2.8862733016419817,2016-05-14
865,C,-2.3109209653835094,2016-05-15
866,C,-1.5655216639845577,2016-05-16
867,C,-1.0310859193594977,2016-05-17
868,C,-0.9110315154523393,2016-05-18
869,C,-0.6945894879807281,2016-05-19
870,C,-0.8637065224745066,2016-05-20
871,C,-1.3360988583684164,2016-05-21
872,C,-1.8985535259002584,2016-05-22
873,C,-2.306656953239222,2016-05-23
874,C,-2.75546717965116,2016-05-24
875,C,-3.1464312786255784,2016-05-25
876,C,-3.6815316807789498,2016-05-26
877,C,-4.0208222156747295,2016-05-27
878,C,-4.187059013511162,2016-05-28
879,C,-4.164705527973648,2016-05-29
880,C,-4.3015930503409106,2016-05-30
881,C,-4.271876326178838,2016-05-31
882,C,-4.371172673011921,2016-06-01
883,C,-4.337919448790367,2016-06-02
884,C,-3.9869837684213043,2016-06-03
885,C,-3.6483582853066068,2016-06-04
886,C,-3.50569487583211,2016-06-05
887,C,-3.2633739993281745,2016-06-06
888,C,-3.400060309471745,2016-06-07
889,C,-3.2672513329771697,2016-06-08
890,C,-3.575440978970317,2016-06-09
891,C,-4.1456702780814485,2016-06-10
892,C,-4.912521024201681,2016-06-11
893,C,-5.636664237635261,2016-06-12
894,C,-6.3141042687065605,2016-06-13
895,C,-6.790582617173762,2016-06-14
896,C,-7.542321082930719,2016-06-15
897,C,-7.992065888583726,2016-06-16
898,C,-8.095119512874078,2016-06-17
899,C,-7.799796317994844,2016-06-18
900,C,-7.277705597344811,2016-06-19
901,C,-6.924938443593897,2016-06-20
902,C,-6.448565764849627,2016-06-21
903,C,-5.790289847442561,2016-06-22
904,C,-5.029822057681279,2016-06-23
905,C,-4.6533099794419215,2016-06-24
906,C,-4.697147468357626,2016-06-25
907,C,-4.87010948792738,2016-06-26
908,C,-5.144412216005189,2016-06-27
909,C,-5.4619887412278825,2016-06-28
910,C,-5.935017399705375,2016-06-29
911,C,-6.5865921154694655,2016-06-30
912,C,-7.2073780914220835,2016-07-01
913,C,-7.500644994178463,2016-07-02
914,C,-7.7525802732712705,2016-07-03
915,C,-7.880428536710871,2016-07-04
916,C,-7.879034992508836,2016-07-05
917,C,-7.7656658203850375,2016-07-06
918,C,-7.296171333577242,2016-07-07
919,C,-6.7842105704108,2016-07-08
920,C,-6.283554638589287,2016-07-09
921,C,-5.643677108458566,2016-07-10
922,C,-4.820854141527015,2016-07-11
923,C,-4.063838757057945,2016-07-12
924,C,-3.389923948940998,2016-07-13
925,C,-3.0409184174602006,2016-07-14
926,C,-2.628504930898367,2016-07-15
927,C,-2.2869498972225157,2016-07-16
928,C,-2.0279880263525425,2016-07-17
929,C,-1.9294226733475541,2016-07-18
930,C,-1.7922778210832475,2016-07-19
931,C,-1.5687141739831076,2016-07-20
932,C,-1.3696758861794567,2016-07-21
933,C,-1.3019861118945613,2016-07-22
934,C,-1.4452114564350782,2016-07-23
935,C,-1.5741918629873162,2016-07-24
936,C,-1.9818124250201576,2016-07-25
937,C,-2.4097118510237223,2016-07-26
938,C,-2.8821846188607436,2016-07-27
939,C,-3.2064517044272436,2016-07-28
940,C,-3.5084878668503032,2016-07-29
941,C,-3.793610287568888,2016-07-30
942,C,-3.837210236010093,2016-07-31
943,C,-3.3325689419196443,2016-08-01
944,C,-2.322253490669151,2016-08-02
945,C,-1.3715935498235052,2016-08-03
946,C,-0.5115685190272982,2016-08-04
947,C,0.18842908982550194,2016-08-05
948,C,1.1301808306907584,2016-08-06
949,C,1.7901677821134412,2016-08-07
950,C,2.2958855566702137,2016-08-08
951,C,2.3202297382911152,2016-08-09
952,C,2.5091803679382387,2016-08-10
953,C,2.7672372075751954,2016-08-11
954,C,3.0788897911337645,2016-08-12
955,C,3.235985967676149,2016-08-13
956,C,3.1523109289478586,2016-08-14
957,C,2.8227032745789242,2016-08-15
958,C,2.531822725615875,2016-08-16
959,C,2.2715229490566897,2016-08-17
960,C,1.9556219051133574,2016-08-18
961,C,1.6585199545320388,2016-08-19
962,C,1.3760752125813522,2016-08-20
963,C,1.5014977752219436,2016-08-21
964,C,1.611816189421964,2016-08-22
965,C,1.6080139321721696,2016-08-23
966,C,1.3689184945992374,2016-08-24
967,C,1.0547027049520317,2016-08-25
968,C,0.9844823409445266,2016-08-26
969,C,0.968961085550274,2016-08-27
970,C,0.4858171742831547,2016-08-28
971,C,0.3798965684949593,2016-08-29
972,C,0.24663407904444767,2016-08-30
973,C,0.08949301262040017,2016-08-31
974,C,0.008410451695132524,2016-09-01
975,C,-0.5547118233141436,2016-09-02
976,C,-1.0641930841681353,2016-09-03
977,C,-1.2447081724712379,2016-09-04
978,C,-1.6793252547828952,2016-09-05
979,C,-2.070164922719589,2016-09-06
980,C,-2.6096348650274845,2016-09-07
981,C,-3.1593516961956825,2016-09-08
982,C,-3.485017860831075,2016-09-09
983,C,-3.8140694295082307,2016-09-10
984,C,-4.273855805406819,2016-09-11
985,C,-4.642440712674691,2016-09-12
986,C,-4.962412246661913,2016-09-13
987,C,-4.939516065282503,2016-09-14
988,C,-4.943317102598027,2016-09-15
989,C,-4.707352388853218,2016-09-16
990,C,-4.323213887609424,2016-09-17
991,C,-3.8284071404398587,2016-09-18
992,C,-3.302454671905285,2016-09-19
993,C,-2.850806574739655,2016-09-20
994,C,-2.62552386886798,2016-09-21
995,C,-2.2474376537575327,2016-09-22
996,C,-1.79767674880051,2016-09-23
997,C,-1.5627418099237975,2016-09-24
998,C,-1.3107086350520556,2016-09-25
999,C,-1.1112282964167934,2016-09-26
1000,C,-1.1061002948046954,2016-09-27
1001,C,-0.7654656445083959,2016-09-28
1002,C,-0.6774927799569691,2016-09-29
1003,C,-0.875017232951553,2016-09-30
1004,C,-1.229884261383501,2016-10-01
1005,C,-1.7419745580918284,2016-10-02
1006,C,-2.055401415394801,2016-10-03
1007,C,-2.1423764132531984,2016-10-04
1008,C,-2.125316794158494,2016-10-05
1009,C,-1.9532815920712363,2016-10-06
1010,C,-1.7012647989598644,2016-10-07
1011,C,-1.1981431939919391,2016-10-08
1012,C,-0.7979387077461789,2016-10-09
1013,C,-0.6687939285847645,2016-10-10
1014,C,-0.4325740419737675,2016-10-11
1015,C,-0.5878801464844082,2016-10-12
1016,C,-0.8308894188949962,2016-10-13
1017,C,-0.787935132899683,2016-10-14
1018,C,-0.8616828857373272,2016-10-15
1019,C,-0.5397062302466268,2016-10-16
1020,C,-0.3251902972306268,2016-10-17
1021,C,-0.2532602394529749,2016-10-18
1022,C,-0.1983069534833613,2016-10-19
1023,C,-0.3615627747350487,2016-10-20
1024,C,-0.784304077250576,2016-10-21
1025,C,-1.3920794873711893,2016-10-22
1026,C,-2.3708122285332442,2016-10-23
1027,C,-3.2288058120670553,2016-10-24
1028,C,-4.105486353682219,2016-10-25
1029,C,-4.780850200906761,2016-10-26
1030,C,-5.319230231734437,2016-10-27
1031,C,-5.783757628419456,2016-10-28
1032,C,-6.065502306467363,2016-10-29
1033,C,-6.090347308730068,2016-10-30
1034,C,-6.225200612966743,2016-10-31
1035,C,-6.250907173175546,2016-11-01
1036,C,-6.596999710064765,2016-11-02
1037,C,-6.8913583703808445,2016-11-03
1038,C,-7.149633881999366,2016-11-04
1039,C,-7.489110433523853,2016-11-05
1040,C,-8.084901250250995,2016-11-06
1041,C,-8.487410693089604,2016-11-07
1042,C,-9.175254149120303,2016-11-08
1043,C,-9.704657668228934,2016-11-09
1044,C,-10.047852335990592,2016-11-10
1045,C,-10.644065405310704,2016-11-11
1046,C,-11.04674414460264,2016-11-12
1047,C,-11.349252542069774,2016-11-13
1048,C,-11.56811979986467,2016-11-14
1049,C,-11.518195954102492,2016-11-15
1050,C,-11.29561886336056,2016-11-16
1051,C,-11.139416470701372,2016-11-17
1052,C,-10.761319018168354,2016-11-18
1053,C,-10.423969378770792,2016-11-19
1054,C,-10.257180224256135,2016-11-20
1055,C,-10.328331628988701,2016-11-21
1056,C,-10.2963052684369,2016-11-22
1057,C,-10.198221864032456,2016-11-23
1058,C,-10.160304947353637,2016-11-24
1059,C,-10.288541794660409,2016-11-25
1060,C,-10.680760780673603,2016-11-26
1061,C,-10.761454877892907,2016-11-27
1062,C,-10.639265640651711,2016-11-28
1063,C,-10.520426739148629,2016-11-29
1064,C,-10.653228667263406,2016-11-30
1065,C,-11.110134131924687,2016-12-01
1066,C,-11.446169557485558,2016-12-02
1067,C,-11.751470379590074,2016-12-03
1068,C,-11.907044011445452,2016-12-04
1069,C,-12.210962484999664,2016-12-05
1070,C,-12.47802359173575,2016-12-06
1071,C,-12.521437312742885,2016-12-07
1072,C,-12.29119137581623,2016-12-08
1073,C,-12.121382969797768,2016-12-09
1074,C,-11.768281183078473,2016-12-10
1075,C,-11.451155359748116,2016-12-11
1076,C,-11.155937333936278,2016-12-12
1077,C,-10.916486311082238,2016-12-13
1078,C,-10.493827902328666,2016-12-14
1079,C,-10.172515605140301,2016-12-15
1080,C,-9.667961384429097,2016-12-16
1081,C,-9.308341509759485,2016-12-17
1082,C,-9.361306003441298,2016-12-18
1083,C,-9.405662134427702,2016-12-19
1084,C,-9.68589336420172,2016-12-20
1085,C,-10.379443105529424,2016-12-21
1086,C,-10.681705754326,2016-12-22
1087,C,-11.173117435195438,2016-12-23
1088,C,-11.629619773306276,2016-12-24
1089,C,-11.943473066381042,2016-12-25
1090,C,-12.108624766700526,2016-12-26
1091,C,-12.020502118293441,2016-12-27
1092,C,-11.685921279749374,2016-12-28
1093,C,-11.244617203665047,2016-12-29
1094,C,-10.733218774132201,2016-12-30
1095,D,,2016-01-01
1096,D,,2016-01-02
1097,D,,2016-01-03
1098,D,,2016-01-04
1099,D,,2016-01-05
1100,D,,2016-01-06
1101,D,2.501669242940817,2016-01-07
1102,D,2.4975202063762185,2016-01-08
1103,D,2.4441575309371273,2016-01-09
1104,D,2.298421229845783,2016-01-10
1105,D,2.348545600005949,2016-01-11
1106,D,2.3568309128072285,2016-01-12
1107,D,2.396832643834209,2016-01-13
1108,D,2.2835622278425283,2016-01-14
1109,D,2.502104103162523,2016-01-15
1110,D,2.667844745956814,2016-01-16
1111,D,3.0448163466018903,2016-01-17
1112,D,3.030811914959183,2016-01-18
1113,D,3.257877247087932,2016-01-19
1114,D,3.2751264428750058,2016-01-20
1115,D,3.469192450166345,2016-01-21
1116,D,3.4090525859058642,2016-01-22
1117,D,3.321540453100152,2016-01-23
1118,D,3.149578428777579,2016-01-24
1119,D,3.006427133666253,2016-01-25
1120,D,2.4248995231181207,2016-01-26
1121,D,1.8930088421448714,2016-01-27
1122,D,1.5099175753640701,2016-01-28
1123,D,1.2905242866163071,2016-01-29
1124,D,0.9980092793532841,2016-01-30
1125,D,0.6174049973460981,2016-01-31
1126,D,0.3966914384740011,2016-02-01
1127,D,0.1451674548672359,2016-02-02
1128,D,0.05207714447000037,2016-02-03
1129,D,-0.013648173435317879,2016-02-04
1130,D,-0.21943820799480251,2016-02-05
1131,D,-0.4980090103909139,2016-02-06
1132,D,-0.779484688421199,2016-02-07
1133,D,-0.9752875429915446,2016-02-08
1134,D,-1.0575399197025928,2016-02-09
1135,D,-1.2606054382033418,2016-02-10
1136,D,-1.4412065272937102,2016-02-11
1137,D,-1.736510308462693,2016-02-12
1138,D,-1.8006696427912365,2016-02-13
1139,D,-1.8262441555037832,2016-02-14
1140,D,-2.1670907315147034,2016-02-15
1141,D,-2.4947890155486263,2016-02-16
1142,D,-2.691432416871834,2016-02-17
1143,D,-2.894931300425488,2016-02-18
1144,D,-2.9869632867859464,2016-02-19
1145,D,-3.146731026985318,2016-02-20
1146,D,-3.457173079235646,2016-02-21
1147,D,-3.395186648864916,2016-02-22
1148,D,-3.2566085623233905,2016-02-23
1149,D,-3.0873021250075943,2016-02-24
1150,D,-2.9213339401031027,2016-02-25
1151,D,-2.858869936299045,2016-02-26
1152,D,-2.952220862750927,2016-02-27
1153,D,-2.7941827432444746,2016-02-28
1154,D,-2.4005968441924646,2016-02-29
1155,D,-2.0548953060344517,2016-03-01
1156,D,-1.7430696842626023,2016-03-02
1157,D,-1.3723099831914656,2016-03-03
1158,D,-0.7120322159684486,2016-03-04
1159,D,0.0034089625087854814,2016-03-05
1160,D,0.8599313872230615,2016-03-06
1161,D,1.291713178693252,2016-03-07
1162,D,1.4854043829162091,2016-03-08
1163,D,1.6025340466840972,2016-03-09
1164,D,1.6288128417600194,2016-03-10
1165,D,1.6015234024344458,2016-03-11
1166,D,1.5064885042759133,2016-03-12
1167,D,1.2151172260233765,2016-03-13
1168,D,0.8321417127535737,2016-03-14
1169,D,0.5484568675726884,2016-03-15
1170,D,0.40487505950907277,2016-03-16
1171,D,0.07124898135276005,2016-03-17
1172,D,-0.19910125703245202,2016-03-18
1173,D,-0.09123375877917107,2016-03-19
1174,D,0.1712072546877141,2016-03-20
1175,D,0.5168185599666684,2016-03-21
1176,D,1.1362692404782646,2016-03-22
1177,D,1.6184612175808382,2016-03-23
1178,D,2.189063105737179,2016-03-24
1179,D,2.7311738805709393,2016-03-25
1180,D,3.1576341413816666,2016-03-26
1181,D,3.4625543511420034,2016-03-27
1182,D,3.529496472449183,2016-03-28
1183,D,3.4684806675675683,2016-03-29
1184,D,3.4954935110367593,2016-03-30
1185,D,3.4404314986959568,2016-03-31
1186,D,3.2051384245466656,2016-04-01
1187,D,2.8209177412803887,2016-04-02
1188,D,2.5114959310814258,2016-04-03
1189,D,2.739614013725093,2016-04-04
1190,D,3.2599785298960127,2016-04-05
1191,D,3.748393655636625,2016-04-06
1192,D,4.4036101225124336,2016-04-07
1193,D,5.002113855244507,2016-04-08
1194,D,5.561394015952506,2016-04-09
1195,D,5.87203766732698,2016-04-10
1196,D,5.875375750134422,2016-04-11
1197,D,5.6280188586793995,2016-04-12
1198,D,5.655249772328558,2016-04-13
1199,D,5.628327252126583,2016-04-14
1200,D,5.766256561198218,2016-04-15
1201,D,5.988202545754267,2016-04-16
1202,D,6.49919408796604,2016-04-17
1203,D,6.9018625492854,2016-04-18
1204,D,7.233114032210451,2016-04-19
1205,D,7.214637811993607,2016-04-20
1206,D,7.303031794481702,2016-04-21
1207,D,7.417848237172267,2016-04-22
1208,D,7.381022151038506,2016-04-23
1209,D,7.192123463927806,2016-04-24
1210,D,7.3399358454835095,2016-04-25
1211,D,7.441047263511773,2016-04-26
1212,D,7.668245760082632,2016-04-27
1213,D,7.943477527244929,2016-04-28
1214,D,8.069590717542322,2016-04-29
1215,D,8.554201692459625,2016-04-30
1216,D,9.02929869022246,2016-05-01
1217,D,9.52792006362846,2016-05-02
1218,D,10.407071543423687,2016-05-03
1219,D,11.2903757154841,2016-05-04
1220,D,11.95131457653983,2016-05-05
1221,D,12.773823755613474,2016-05-06
1222,D,13.589170826699814,2016-05-07
1223,D,14.408590884258526,2016-05-08
1224,D,15.236997107214497,2016-05-09
1225,D,15.507944997781788,2016-05-10
1226,D,15.606740797348968,2016-05-11
1227,D,15.526268414715224,2016-05-12
1228,D,15.338186236872202,2016-05-13
1229,D,14.907032332437291,2016-05-14
1230,D,14.385055999087314,2016-05-15
1231,D,13.575333546033617,2016-05-16
1232,D,13.02060193377113,2016-05-17
1233,D,12.702114327905047,2016-05-18
1234,D,12.700610789153643,2016-05-19
1235,D,12.730763555972814,2016-05-20
1236,D,12.752562734448182,2016-05-21
1237,D,13.076900183667446,2016-05-22
1238,D,13.360411668252352,2016-05-23
1239,D,13.67714937301091,2016-05-24
1240,D,14.164833873857955,2016-05-25
1241,D,14.513877838771572,2016-05-26
1242,D,14.992510162602523,2016-05-27
1243,D,15.423472022524217,2016-05-28
1244,D,15.73407863278995,2016-05-29
1245,D,15.86807506130249,2016-05-30
1246,D,15.993393475737511,2016-05-31
1247,D,15.71730205639497,2016-06-01
1248,D,15.715678015986935,2016-06-02
1249,D,15.603581364678352,2016-06-03
1250,D,15.51614049837217,2016-06-04
1251,D,15.270208690500324,2016-06-05
1252,D,15.365908459963634,2016-06-06
1253,D,15.402889589749368,2016-06-07
1254,D,15.562397262601488,2016-06-08
1255,D,15.385638972029009,2016-06-09
1256,D,15.345385895590036,2016-06-10
1257,D,15.234189990226607,2016-06-11
1258,D,15.196838238865782,2016-06-12
1259,D,14.964630218561739,2016-06-13
1260,D,14.913786602982603,2016-06-14
1261,D,14.868467939634789,2016-06-15
1262,D,14.774593241708045,2016-06-16
1263,D,14.54656372584404,2016-06-17
1264,D,14.442957673656732,2016-06-18
1265,D,14.537055097629652,2016-06-19
1266,D,14.771264934980225,2016-06-20
1267,D,15.020502985536895,2016-06-21
1268,D,15.059516052357214,2016-06-22
1269,D,15.295091584490466,2016-06-23
1270,D,15.47639450860884,2016-06-24
1271,D,15.34487630588072,2016-06-25
1272,D,15.03307011613708,2016-06-26
1273,D,14.694017981078275,2016-06-27
1274,D,14.176093365525691,2016-06-28
1275,D,13.853484920464409,2016-06-29
1276,D,13.592331381692892,2016-06-30
1277,D,13.343064818547933,2016-07-01
1278,D,13.380372915483816,2016-07-02
1279,D,13.533075271447347,2016-07-03
1280,D,13.70042443785776,2016-07-04
1281,D,14.020645291461193,2016-07-05
1282,D,14.330236281881074,2016-07-06
1283,D,14.465157423022891,2016-07-07
1284,D,14.564174438610307,2016-07-08
1285,D,14.669574400262444,2016-07-09
1286,D,14.670233867558832,2016-07-10
1287,D,14.737331738454078,2016-07-11
1288,D,14.615221513595406,2016-07-12
1289,D,14.537228048011263,2016-07-13
1290,D,14.58382059493134,2016-07-14
1291,D,14.446287005183324,2016-07-15
1292,D,14.215986232388218,2016-07-16
1293,D,14.059075772318966,2016-07-17
1294,D,13.917048866758579,2016-07-18
1295,D,13.852513217298492,2016-07-19
1296,D,13.578129707704148,2016-07-20
1297,D,13.377645632197146,2016-07-21
1298,D,13.36729033962323,2016-07-22
1299,D,13.522319608618071,2016-07-23
1300,D,13.653190904008559,2016-07-24
1301,D,13.600819544852788,2016-07-25
1302,D,13.647842224535635,2016-07-26
1303,D,13.854426695045971,2016-07-27
1304,D,13.87226315875259,2016-07-28
1305,D,13.901570765512917,2016-07-29
1306,D,13.703089097030348,2016-07-30
1307,D,13.479034938294408,2016-07-31
1308,D,13.438414384721057,2016-08-01
1309,D,13.160351042584763,2016-08-02
1310,D,12.655417480341082,2016-08-03
1311,D,12.15429151743453,2016-08-04
1312,D,11.418230863324492,2016-08-05
1313,D,10.863281497580306,2016-08-06
1314,D,10.266837093367185,2016-08-07
1315,D,9.716047332327067,2016-08-08
1316,D,9.417237169952715,2016-08-09
1317,D,9.482359301753261,2016-08-10
1318,D,9.479655546122018,2016-08-11
1319,D,9.692725508076235,2016-08-12
1320,D,9.831502163263453,2016-08-13
1321,D,10.003113365666115,2016-08-14
1322,D,10.133772617869122,2016-08-15
1323,D,10.10107886727172,2016-08-16
1324,D,9.842068429561953,2016-08-17
1325,D,9.743138797316826,2016-08-18
1326,D,9.686646617117995,2016-08-19
1327,D,9.756559441297128,2016-08-20
1328,D,9.571729212947883,2016-08-21
1329,D,9.265310156799869,2016-08-22
1330,D,9.122615432761492,2016-08-23
1331,D,9.236749329625033,2016-08-24
1332,D,9.485161325368164,2016-08-25
1333,D,9.664604233355968,2016-08-26
1334,D,9.726083412054534,2016-08-27
1335,D,9.923260834036402,2016-08-28
1336,D,10.169342935667279,2016-08-29
1337,D,10.176211918553458,2016-08-30
1338,D,9.832256910518362,2016-08-31
1339,D,9.304642880468842,2016-09-01
1340,D,8.88342120835847,2016-09-02
1341,D,8.39547503511902,2016-09-03
1342,D,7.919871088882525,2016-09-04
1343,D,7.363239343228712,2016-09-05
1344,D,6.8735602156355435,2016-09-06
1345,D,6.5110172570396685,2016-09-07
1346,D,6.499841726104632,2016-09-08
1347,D,6.14187826232533,2016-09-09
1348,D,6.040178871929683,2016-09-10
1349,D,6.057139163065372,2016-09-11
1350,D,6.229014888708728,2016-09-12
1351,D,6.296170567662423,2016-09-13
1352,D,6.44175447577189,2016-09-14
1353,D,6.401731611201284,2016-09-15
1354,D,6.727580956215138,2016-09-16
1355,D,6.835644444100801,2016-09-17
1356,D,7.065768658791216,2016-09-18
1357,D,7.004685274374515,2016-09-19
1358,D,6.999180505553237,2016-09-20
1359,D,6.756296621597116,2016-09-21
1360,D,6.442448474527763,2016-09-22
1361,D,5.968291459225472,2016-09-23
1362,D,5.554397315220757,2016-09-24
1363,D,4.846895575341321,2016-09-25
1364,D,4.393903249054508,2016-09-26
1365,D,4.164068127653407,2016-09-27
1366,D,4.395168880218863,2016-09-28
1367,D,4.417930669301513,2016-09-29
1368,D,4.279440669539659,2016-09-30
1369,D,4.18002921284945,2016-10-01
1370,D,4.003339014747693,2016-10-02
1371,D,3.9833347706642543,2016-10-03
1372,D,4.110445682508572,2016-10-04
1373,D,3.988467994942721,2016-10-05
1374,D,4.013890444884334,2016-10-06
1375,D,4.428450608244548,2016-10-07
1376,D,4.776797948819725,2016-10-08
1377,D,5.039214369048848,2016-10-09
1378,D,5.389470029044195,2016-10-10
1379,D,5.4714839634701296,2016-10-11
1380,D,5.527893687851117,2016-10-12
1381,D,5.669191486772481,2016-10-13
1382,D,5.676373500000344,2016-10-14
1383,D,5.770687024987978,2016-10-15
1384,D,6.011206410764096,2016-10-16
1385,D,5.832975590605211,2016-10-17
1386,D,5.633290966973513,2016-10-18
1387,D,5.454832412624529,2016-10-19
1388,D,5.114705921830916,2016-10-20
1389,D,4.967200467180608,2016-10-21
1390,D,4.8505078759648095,2016-10-22
1391,D,5.08188441787029,2016-10-23
1392,D,5.543573925842482,2016-10-24
1393,D,6.209261901657848,2016-10-25
1394,D,6.830414491334596,2016-10-26
1395,D,7.532298811605088,2016-10-27
1396,D,7.979261408519902,2016-10-28
1397,D,8.46436759496593,2016-10-29
1398,D,9.113025010027798,2016-10-30
1399,D,9.62384967522605,2016-10-31
1400,D,10.010119473058287,2016-11-01
1401,D,10.638000361668775,2016-11-02
1402,D,11.321903904409671,2016-11-03
1403,D,12.00643639500113,2016-11-04
1404,D,12.666443943299976,2016-11-05
1405,D,12.9810653359839,2016-11-06
1406,D,13.74864070494822,2016-11-07
1407,D,14.506560480033807,2016-11-08
1408,D,15.022102527964671,2016-11-09
1409,D,15.422550177504291,2016-11-10
1410,D,15.917292500333096,2016-11-11
1411,D,16.569581330161935,2016-11-12
1412,D,16.82736212792175,2016-11-13
1413,D,17.079227788102955,2016-11-14
1414,D,17.262032933760903,2016-11-15
1415,D,17.262489556224516,2016-11-16
1416,D,17.27390997765542,2016-11-17
1417,D,17.005574323478776,2016-11-18
1418,D,16.437646442627408,2016-11-19
1419,D,16.202773255982887,2016-11-20
1420,D,15.567454090937701,2016-11-21
1421,D,14.801076681290084,2016-11-22
1422,D,14.286919699056906,2016-11-23
1423,D,13.893544754972044,2016-11-24
1424,D,13.625694345481415,2016-11-25
1425,D,13.229769291229013,2016-11-26
1426,D,12.877570449649744,2016-11-27
1427,D,12.641125174882012,2016-11-28
1428,D,12.507903669666879,2016-11-29
1429,D,12.26384022499001,2016-11-30
1430,D,12.029516973137442,2016-12-01
1431,D,11.595154825592743,2016-12-02
1432,D,11.191243406754896,2016-12-03
1433,D,10.631111686192153,2016-12-04
1434,D,9.777713033844064,2016-12-05
1435,D,8.87803756875569,2016-12-06
1436,D,8.159683922488771,2016-12-07
1437,D,7.440695344971098,2016-12-08
1438,D,6.913225421284879,2016-12-09
1439,D,6.859234132502977,2016-12-10
1440,D,6.947934910465451,2016-12-11
1441,D,7.35684553399615,2016-12-12
1442,D,7.926333597796034,2016-12-13
1443,D,8.3207712857279,2016-12-14
1444,D,8.81786103351874,2016-12-15
1445,D,9.398209677407378,2016-12-16
1446,D,9.685147882970186,2016-12-17
1447,D,10.22148673594819,2016-12-18
1448,D,10.74581261760591,2016-12-19
1449,D,11.30782297944794,2016-12-20
1450,D,11.95051100750598,2016-12-21
1451,D,12.554348835403635,2016-12-22
1452,D,13.195721437962998,2016-12-23
1453,D,14.019907439020068,2016-12-24
1454,D,14.491398564751508,2016-12-25
1455,D,14.878443746015508,2016-12-26
1456,D,15.376386556730031,2016-12-27
1457,D,15.996722444952216,2016-12-28
1458,D,16.669990184102264,2016-12-29
1459,D,17.30755243704776,2016-12-30
